code,name,descr
TC,Teacher,Responsible for classroom teaching and student instruction
PR,Principal,Head of the school/campus administration
VP,Vice Principal,Assists the principal in school administration
AC,Accountant,Manages financial records and accounting
LB,Librarian,Manages the school library and resources
HR,HR,Manages recruitment, payroll and employee relations
AD,Admin,Handles general administrative tasks
SP,Support Staff,Provides general support services
CN,Counselor,Provides student counseling and guidance
NU,Nurse,Provides student healthcare and first aid
IT,IT Staff,Manages IT infrastructure and technical support
SC,Security,Responsible for campus safety and security
DR,Driver,Drives school transport vehicles
CH,Coach,Trains students in sports and extracurricular activities
